[
  {
    "model": "admin.logentry",
    "pk": 1,
    "fields": {
      "action_time": "2021-06-07T18:03:09.371Z",
      "user": 1,
      "content_type": 8,
      "object_id": "1",
      "object_repr": "rakh",
      "action_flag": 2,
      "change_message": "[{\"changed\": {\"fields\": [\"Image\"]}}]"
    }
  },
  {
    "model": "admin.logentry",
    "pk": 2,
    "fields": {
      "action_time": "2021-06-07T19:55:27.981Z",
      "user": 1,
      "content_type": 8,
      "object_id": "2",
      "object_repr": "Бумчик",
      "action_flag": 2,
      "change_message": "[{\"changed\": {\"fields\": [\"Email address\"]}}]"
    }
  },
  {
    "model": "admin.logentry",
    "pk": 3,
    "fields": {
      "action_time": "2021-06-08T18:20:59.423Z",
      "user": 1,
      "content_type": 8,
      "object_id": "3",
      "object_repr": "Ылон",
      "action_flag": 3,
      "change_message": ""
    }
  },
  {
    "model": "admin.logentry",
    "pk": 4,
    "fields": {
      "action_time": "2021-06-08T18:21:03.934Z",
      "user": 1,
      "content_type": 8,
      "object_id": "5",
      "object_repr": "Ырс",
      "action_flag": 3,
      "change_message": ""
    }
  },
  {
    "model": "admin.logentry",
    "pk": 5,
    "fields": {
      "action_time": "2021-06-08T18:21:08.121Z",
      "user": 1,
      "content_type": 8,
      "object_id": "4",
      "object_repr": "ьрс",
      "action_flag": 3,
      "change_message": ""
    }
  },
  {
    "model": "admin.logentry",
    "pk": 6,
    "fields": {
      "action_time": "2021-06-08T18:21:12.232Z",
      "user": 1,
      "content_type": 8,
      "object_id": "6",
      "object_repr": "Ва",
      "action_flag": 3,
      "change_message": ""
    }
  },
  {
    "model": "admin.logentry",
    "pk": 7,
    "fields": {
      "action_time": "2021-06-08T18:21:16.149Z",
      "user": 1,
      "content_type": 8,
      "object_id": "7",
      "object_repr": "ма",
      "action_flag": 3,
      "change_message": ""
    }
  },
  {
    "model": "admin.logentry",
    "pk": 8,
    "fields": {
      "action_time": "2021-06-10T18:17:42.505Z",
      "user": 1,
      "content_type": 8,
      "object_id": "1",
      "object_repr": "rakh",
      "action_flag": 2,
      "change_message": "[{\"changed\": {\"fields\": [\"First name\", \"Last name\", \"Email address\"]}}]"
    }
  },
  {
    "model": "admin.logentry",
    "pk": 9,
    "fields": {
      "action_time": "2021-06-10T18:26:03.364Z",
      "user": 1,
      "content_type": 8,
      "object_id": "1",
      "object_repr": "rakh",
      "action_flag": 2,
      "change_message": "[{\"changed\": {\"fields\": [\"Image\"]}}]"
    }
  },
  {
    "model": "admin.logentry",
    "pk": 10,
    "fields": {
      "action_time": "2021-06-19T10:36:09.070Z",
      "user": 1,
      "content_type": 8,
      "object_id": "1",
      "object_repr": "rakh",
      "action_flag": 2,
      "change_message": "[{\"deleted\": {\"name\": \"basket\", \"object\": \"\\u041a\\u043e\\u0440\\u0437\\u0438\\u043d\\u0430 \\u0434\\u043b\\u044f rakh | \\u041f\\u0440\\u043e\\u0434\\u0443\\u043a\\u0442 \\u0425\\u0443\\u0434\\u0438 \\u0447\\u0435\\u0440\\u043d\\u043e\\u0433\\u043e \\u0446\\u0432\\u0435\\u0442\\u0430 \\u0441 \\u043c\\u043e\\u043d\\u043e\\u0433\\u0440\\u0430\\u043c\\u043c\\u0430\\u043c\\u0438 adidas Originals\"}}, {\"deleted\": {\"name\": \"basket\", \"object\": \"\\u041a\\u043e\\u0440\\u0437\\u0438\\u043d\\u0430 \\u0434\\u043b\\u044f rakh | \\u041f\\u0440\\u043e\\u0434\\u0443\\u043a\\u0442 \\u041a\\u043e\\u0440\\u0438\\u0447\\u043d\\u0435\\u0432\\u044b\\u0439 \\u0441\\u043f\\u043e\\u0440\\u0442\\u0438\\u0432\\u043d\\u044b\\u0439 oversized-\\u0442\\u043e\\u043f ASOS DESIGN\"}}]"
    }
  },
  {
    "model": "sessions.session",
    "pk": "tg43nsi81ocffm6hxoj0x0x0l5hq7hsr",
    "fields": {
      "session_data": ".eJxVjMsOwiAQAP-FsyGCvNaj935Ds7uAVA0kpT0Z_92Q9KDXmcm8xYz7Vua9p3VeorgKJU6_jJCfqQ4RH1jvTXKr27qQHIk8bJdTi-l1O9q_QcFexjYzWXA5MrjgrPKe8KIDGx1yZhPY64xoCDRH7xjMWaUAaCGghxxJfL7wyjhb:1lvbW3:g65kdKehK2FUzo9e9I5WJ-AhXFWsTuCSARwzSGsy_Nc",
      "expire_date": "2021-07-06T08:12:15.712Z"
    }
  },
  {
    "model": "products.productcategory",
    "pk": 1,
    "fields": {
      "name": "Новинки",
      "description": "Описание для категории новинок"
    }
  },
  {
    "model": "products.productcategory",
    "pk": 2,
    "fields": {
      "name": "Одежда",
      "description": "Описание для категории одежды"
    }
  },
  {
    "model": "products.productcategory",
    "pk": 3,
    "fields": {
      "name": "Обувь",
      "description": "Описание для категории обуви"
    }
  },
  {
    "model": "products.productcategory",
    "pk": 4,
    "fields": {
      "name": "Аксессуары",
      "description": "Описание для категории аксессуаров"
    }
  },
  {
    "model": "products.productcategory",
    "pk": 5,
    "fields": {
      "name": "Подарки",
      "description": "Описание для категории подарков"
    }
  },
  {
    "model": "products.product",
    "pk": 1,
    "fields": {
      "name": "Худи черного цвета с монограммами adidas Originals",
      "image": "products_images/Adidas-hoodie.png",
      "description": "Мягкая ткань для свитшотов. Стиль и комфорт – это образ жизни.",
      "price": "6090.00",
      "quantity": 5,
      "category": 1
    }
  },
  {
    "model": "products.product",
    "pk": 2,
    "fields": {
      "name": "Синяя куртка The North Face",
      "image": "products_images/Blue-jacket-The-North-Face.png",
      "description": "Гладкая ткань. Водонепроницаемое покрытие. Легкий и теплый пуховый наполнитель.",
      "price": "23725.00",
      "quantity": 0,
      "category": 1
    }
  },
  {
    "model": "products.product",
    "pk": 3,
    "fields": {
      "name": "Коричневый спортивный oversized-топ ASOS DESIGN",
      "image": "products_images/Brown-sports-oversized-top-ASOS-DESIGN.png",
      "description": "Материал с плюшевой текстурой. Удобный и мягкий.",
      "price": "3390.00",
      "quantity": 7,
      "category": 2
    }
  },
  {
    "model": "products.product",
    "pk": 4,
    "fields": {
      "name": "Черный рюкзак Nike Heritage",
      "image": "products_images/Black-Nike-Heritage-backpack.png",
      "description": "Плотная ткань. Легкий материал.",
      "price": "2340.00",
      "quantity": 0,
      "category": 4
    }
  },
  {
    "model": "products.product",
    "pk": 5,
    "fields": {
      "name": "Черные туфли на платформе с 3 парами люверсов Dr Martens 1461 Bex",
      "image": "products_images/Black-Dr-Martens-shoes.png",
      "description": "Гладкий кожаный верх. Натуральный материал.",
      "price": "13590.00",
      "quantity": 1,
      "category": 3
    }
  },
  {
    "model": "products.product",
    "pk": 6,
    "fields": {
      "name": "Темно-синие широкие строгие брюки ASOS DESIGN",
      "image": "products_images/Dark-blue-wide-leg-ASOs-DESIGN-trousers.png",
      "description": "Легкая эластичная ткань сирсакер Фактурная ткань.",
      "price": "2890.00",
      "quantity": 0,
      "category": 1
    }
  },
  {
    "model": "users.user",
    "pk": 1,
    "fields": {
      "password": "pbkdf2_sha256$260000$dOfc7KLgPDzMV5vZlx4XMj$xJCznomiZrOV0l/Loch5pUvedm198nNwNETvjmJwdLA=",
      "last_login": "2021-09-02T09:45:21.054Z",
      "is_superuser": true,
      "username": "rakh",
      "first_name": "Роман",
      "last_name": "Романов",
      "email": "7171@gmail.com",
      "is_staff": true,
      "is_active": true,
      "date_joined": "2021-06-07T17:58:34Z",
      "image": "users_images/собак_hDPtiZl.jpg",
      "activation_key": "",
      "activation_key_expires": "2021-08-18T08:10:06.424Z",
      "groups": [],
      "user_permissions": []
    }
  },
  {
    "model": "users.user",
    "pk": 2,
    "fields": {
      "password": "pbkdf2_sha256$260000$zZSNMfC6aUCFg5QBoWeqlb$GDvEdObUTqLgOzVLIg5pZi0XacmQkOr48VgTTlOaa14=",
      "last_login": "2021-06-07T19:38:33Z",
      "is_superuser": false,
      "username": "Бумчик",
      "first_name": "Андрей",
      "last_name": "Иванов",
      "email": "restinpeace@google.com",
      "is_staff": false,
      "is_active": true,
      "date_joined": "2021-06-07T19:38:13Z",
      "image": "",
      "activation_key": "",
      "activation_key_expires": "2021-08-18T08:10:06.424Z",
      "groups": [],
      "user_permissions": []
    }
  },
  {
    "model": "users.user",
    "pk": 10,
    "fields": {
      "password": "pbkdf2_sha256$260000$p8NVGfNAqEORfknElvSM08$W4R6Rpxku4dh4o1Wp7oA3Yv29yQUvgcVgCog4ROmf7k=",
      "last_login": null,
      "is_superuser": false,
      "username": "Биртман",
      "first_name": "Петр",
      "last_name": "Петров",
      "email": "123@yandex.ru",
      "is_staff": false,
      "is_active": true,
      "date_joined": "2021-06-10T17:43:06.881Z",
      "image": "",
      "activation_key": "",
      "activation_key_expires": "2021-08-18T08:10:06.424Z",
      "groups": [],
      "user_permissions": []
    }
  },
  {
    "model": "users.user",
    "pk": 11,
    "fields": {
      "password": "pbkdf2_sha256$260000$vKlE5h1ufD4Cpy6vdGmBXJ$yTYaojugIUklp0hCFW6TWFG06u+shJ2civgQktyAId8=",
      "last_login": "2021-06-18T10:06:03.336Z",
      "is_superuser": false,
      "username": "Гога",
      "first_name": "Гога",
      "last_name": "Васин",
      "email": "goga@gmail.com",
      "is_staff": false,
      "is_active": true,
      "date_joined": "2021-06-18T10:05:51.775Z",
      "image": "",
      "activation_key": "",
      "activation_key_expires": "2021-08-18T08:10:06.424Z",
      "groups": [],
      "user_permissions": []
    }
  },
  {
    "model": "users.user",
    "pk": 12,
    "fields": {
      "password": "pbkdf2_sha256$260000$LGzWPvLWFBDXIkfYSI1r1L$HHIgaulo82ZWwaUeUIOgfnUk1zaAeRtt5251wZ6A5EU=",
      "last_login": "2021-06-22T08:11:55.553Z",
      "is_superuser": false,
      "username": "Губин",
      "first_name": "Андрей",
      "last_name": "Губин",
      "email": "gubin@gmail.com",
      "is_staff": false,
      "is_active": true,
      "date_joined": "2021-06-18T10:54:37.377Z",
      "image": "",
      "activation_key": "",
      "activation_key_expires": "2021-08-18T08:10:06.424Z",
      "groups": [],
      "user_permissions": []
    }
  },
  {
    "model": "users.user",
    "pk": 14,
    "fields": {
      "password": "pbkdf2_sha256$260000$1FZOnbCPpIssgt8CyGDKg3$AV1F76107GcLvS8KqF9Hr1j9pNCR8LH2rdjaa8d7oVg=",
      "last_login": null,
      "is_superuser": false,
      "username": "Гааль",
      "first_name": "Гааль",
      "last_name": "Дорник",
      "email": "dornik@mail.com",
      "is_staff": false,
      "is_active": true,
      "date_joined": "2021-06-22T07:14:50.716Z",
      "image": "",
      "activation_key": "",
      "activation_key_expires": "2021-08-18T08:10:06.424Z",
      "groups": [],
      "user_permissions": []
    }
  },
  {
    "model": "users.user",
    "pk": 15,
    "fields": {
      "password": "pbkdf2_sha256$260000$KoR6ku0WwQAO87FFy3VCB7$SjiT2L+PzDf2VP+/MzAz0eBbX/MXRQjoPoa9kSxFtk0=",
      "last_login": null,
      "is_superuser": false,
      "username": "Алекс",
      "first_name": "Александр",
      "last_name": "Масляков",
      "email": "aleks@google.com",
      "is_staff": false,
      "is_active": true,
      "date_joined": "2021-06-22T07:53:04.406Z",
      "image": "",
      "activation_key": "",
      "activation_key_expires": "2021-08-18T08:10:06.424Z",
      "groups": [],
      "user_permissions": []
    }
  },
  {
    "model": "users.user",
    "pk": 16,
    "fields": {
      "password": "pbkdf2_sha256$260000$PvcUXLSOc1maS3PmHAYLKm$53t2LnsAf9+CSPExWuHnYgcMmN0mqqKceBR1KmkLpwE=",
      "last_login": "2021-08-13T08:21:48.790Z",
      "is_superuser": false,
      "username": "Ignat",
      "first_name": "Игнат",
      "last_name": "Петров",
      "email": "ignatpetrov@ignat.com",
      "is_staff": false,
      "is_active": true,
      "date_joined": "2021-08-13T08:21:34.641Z",
      "image": "",
      "activation_key": "",
      "activation_key_expires": "2021-08-18T08:10:06.424Z",
      "groups": [],
      "user_permissions": []
    }
  },
  {
    "model": "users.user",
    "pk": 17,
    "fields": {
      "password": "pbkdf2_sha256$260000$JxL3ZZvvDkAlmnYWiUnrol$+Lfv0qIctWqWdBtoo3e9E1WCwoE0np5Xu+5lKiL2RK8=",
      "last_login": null,
      "is_superuser": false,
      "username": "GRV",
      "first_name": "Gringo",
      "last_name": "Gringov",
      "email": "gringo@gringo.ru",
      "is_staff": false,
      "is_active": true,
      "date_joined": "2021-08-16T08:55:28.091Z",
      "image": "",
      "activation_key": "10c0cd752b0a1210f680115883388c27c0830ae1",
      "activation_key_expires": "2021-08-18T08:54:43.686Z",
      "groups": [],
      "user_permissions": []
    }
  },
  {
    "model": "users.user",
    "pk": 18,
    "fields": {
      "password": "pbkdf2_sha256$260000$NerNQXTYSlelSI70GmukEq$EJDjbh1NEFjdqJXavEaaAHElmHg/QvBzjKGMIHQxzDo=",
      "last_login": null,
      "is_superuser": false,
      "username": "Flink",
      "first_name": "Флинк",
      "last_name": "Маквинтер",
      "email": "flink@flink.ru",
      "is_staff": false,
      "is_active": true,
      "date_joined": "2021-08-16T09:03:56.353Z",
      "image": "",
      "activation_key": "04152afa97f8bcbc8ddf7534f1c67ce20cc056cb",
      "activation_key_expires": "2021-08-18T09:03:16.024Z",
      "groups": [],
      "user_permissions": []
    }
  },
  {
    "model": "users.user",
    "pk": 19,
    "fields": {
      "password": "pbkdf2_sha256$260000$z5hVlGy6rNMUZ9Pr3NLb5C$GlSq9qMj1U0QjSCpqdt4U3mpskjYz9evH28LRGXeEzg=",
      "last_login": null,
      "is_superuser": false,
      "username": "Gavrik",
      "first_name": "Гаврик",
      "last_name": "Гавриков",
      "email": "gavrik@gavrik.ru",
      "is_staff": false,
      "is_active": true,
      "date_joined": "2021-08-16T09:08:22.399Z",
      "image": "",
      "activation_key": "fb7e460488f7c574c7eefd016fc70e70a1262936",
      "activation_key_expires": "2021-08-18T09:07:48.523Z",
      "groups": [],
      "user_permissions": []
    }
  },
  {
    "model": "users.user",
    "pk": 20,
    "fields": {
      "password": "pbkdf2_sha256$260000$qSYQrhI3aQBEJEdtJP0dkA$JR1B689tDJDLpNTCcZ8HjPb/23b2cD/3ED/sMAUghec=",
      "last_login": null,
      "is_superuser": false,
      "username": "Sammy",
      "first_name": "Sam",
      "last_name": "Smith",
      "email": "sam@smith.ru",
      "is_staff": false,
      "is_active": true,
      "date_joined": "2021-08-17T17:21:44.317Z",
      "image": "",
      "activation_key": "bbe3075536d50282339869db348e3d47f1d9a0f2",
      "activation_key_expires": "2021-08-19T17:20:24.411Z",
      "groups": [],
      "user_permissions": []
    }
  },
  {
    "model": "users.user",
    "pk": 21,
    "fields": {
      "password": "pbkdf2_sha256$260000$ESntl4bzgOYnzAfqOL74p9$Jt1mHoKhN5/btimhMnujr4lJ8FbxHgrLMHaRDJKfDD4=",
      "last_login": null,
      "is_superuser": false,
      "username": "Gemini",
      "first_name": "George",
      "last_name": "Michael",
      "email": "george@michael.ru",
      "is_staff": false,
      "is_active": true,
      "date_joined": "2021-08-17T17:23:59.892Z",
      "image": "",
      "activation_key": "c29baf43e662d30572d278486963922da2213efc",
      "activation_key_expires": "2021-08-19T17:22:57.088Z",
      "groups": [],
      "user_permissions": []
    }
  },
  {
    "model": "users.user",
    "pk": 22,
    "fields": {
      "password": "pbkdf2_sha256$260000$eQpRsIcOlQL2AQUpMILEe8$jtG8Tg+ijSGKqIOIYHHkuJ83RZRydqr3pbJfrze/RZE=",
      "last_login": null,
      "is_superuser": false,
      "username": "Frabri",
      "first_name": "Frank",
      "last_name": "Bridges",
      "email": "frank@bridges.ru",
      "is_staff": false,
      "is_active": true,
      "date_joined": "2021-08-17T17:27:20.491Z",
      "image": "",
      "activation_key": "4180c3d834c3996b648ab59925a0e600d1fa1d69",
      "activation_key_expires": "2021-08-19T17:26:30.983Z",
      "groups": [],
      "user_permissions": []
    }
  },
  {
    "model": "users.user",
    "pk": 24,
    "fields": {
      "password": "!1IGNeL9eyMk60X7Ga8itdaLO3AZFBiPLCjvNO32c",
      "last_login": "2021-08-20T13:56:46.593Z",
      "is_superuser": false,
      "username": "blck_jck",
      "first_name": "Роман",
      "last_name": "Ахмедов",
      "email": "rakhmedov18@gmail.com",
      "is_staff": false,
      "is_active": true,
      "date_joined": "2021-08-20T13:56:27.955Z",
      "image": "",
      "activation_key": "",
      "activation_key_expires": "2021-08-22T13:56:23.491Z",
      "groups": [],
      "user_permissions": []
    }
  },
  {
    "model": "users.userprofile",
    "pk": 1,
    "fields": {
      "user": 1,
      "tagLine": "",
      "about_me": "",
      "gender": "",
      "age": 18,
      "page_id": ""
    }
  },
  {
    "model": "users.userprofile",
    "pk": 2,
    "fields": {
      "user": 2,
      "tagLine": "",
      "about_me": "",
      "gender": "",
      "age": 18,
      "page_id": ""
    }
  },
  {
    "model": "users.userprofile",
    "pk": 3,
    "fields": {
      "user": 10,
      "tagLine": "",
      "about_me": "",
      "gender": "",
      "age": 18,
      "page_id": ""
    }
  },
  {
    "model": "users.userprofile",
    "pk": 4,
    "fields": {
      "user": 11,
      "tagLine": "",
      "about_me": "",
      "gender": "",
      "age": 18,
      "page_id": ""
    }
  },
  {
    "model": "users.userprofile",
    "pk": 5,
    "fields": {
      "user": 12,
      "tagLine": "",
      "about_me": "",
      "gender": "",
      "age": 18,
      "page_id": ""
    }
  },
  {
    "model": "users.userprofile",
    "pk": 6,
    "fields": {
      "user": 14,
      "tagLine": "",
      "about_me": "",
      "gender": "",
      "age": 18,
      "page_id": ""
    }
  },
  {
    "model": "users.userprofile",
    "pk": 7,
    "fields": {
      "user": 15,
      "tagLine": "",
      "about_me": "",
      "gender": "",
      "age": 18,
      "page_id": ""
    }
  },
  {
    "model": "users.userprofile",
    "pk": 8,
    "fields": {
      "user": 16,
      "tagLine": "",
      "about_me": "",
      "gender": "",
      "age": 18,
      "page_id": ""
    }
  },
  {
    "model": "users.userprofile",
    "pk": 9,
    "fields": {
      "user": 17,
      "tagLine": "",
      "about_me": "",
      "gender": "",
      "age": 18,
      "page_id": ""
    }
  },
  {
    "model": "users.userprofile",
    "pk": 10,
    "fields": {
      "user": 18,
      "tagLine": "",
      "about_me": "",
      "gender": "",
      "age": 18,
      "page_id": ""
    }
  },
  {
    "model": "users.userprofile",
    "pk": 11,
    "fields": {
      "user": 19,
      "tagLine": "",
      "about_me": "",
      "gender": "",
      "age": 18,
      "page_id": ""
    }
  },
  {
    "model": "users.userprofile",
    "pk": 12,
    "fields": {
      "user": 20,
      "tagLine": "",
      "about_me": "",
      "gender": "",
      "age": 18,
      "page_id": ""
    }
  },
  {
    "model": "users.userprofile",
    "pk": 13,
    "fields": {
      "user": 21,
      "tagLine": "",
      "about_me": "",
      "gender": "",
      "age": 18,
      "page_id": ""
    }
  },
  {
    "model": "users.userprofile",
    "pk": 14,
    "fields": {
      "user": 22,
      "tagLine": "",
      "about_me": "",
      "gender": "",
      "age": 18,
      "page_id": ""
    }
  },
  {
    "model": "users.userprofile",
    "pk": 16,
    "fields": {
      "user": 24,
      "tagLine": "",
      "about_me": "",
      "gender": "M",
      "age": 28,
      "page_id": "https://vk.com/blck_jck"
    }
  },
  {
    "model": "ordersapp.order",
    "pk": 1,
    "fields": {
      "user": 1,
      "created": "2021-08-25T10:16:44.311Z",
      "updated": "2021-08-25T10:31:26.930Z",
      "status": "STP",
      "is_active": true
    }
  },
  {
    "model": "ordersapp.order",
    "pk": 2,
    "fields": {
      "user": 1,
      "created": "2021-08-25T10:31:43.899Z",
      "updated": "2021-08-25T10:35:12.511Z",
      "status": "STP",
      "is_active": true
    }
  },
  {
    "model": "ordersapp.order",
    "pk": 3,
    "fields": {
      "user": 1,
      "created": "2021-08-25T10:36:05.406Z",
      "updated": "2021-08-25T10:38:18.484Z",
      "status": "STP",
      "is_active": true
    }
  },
  {
    "model": "ordersapp.order",
    "pk": 4,
    "fields": {
      "user": 1,
      "created": "2021-08-29T08:45:56.982Z",
      "updated": "2021-08-29T08:45:57.142Z",
      "status": "FM",
      "is_active": false
    }
  },
  {
    "model": "ordersapp.order",
    "pk": 5,
    "fields": {
      "user": 1,
      "created": "2021-08-29T08:47:20.837Z",
      "updated": "2021-08-29T08:47:20.934Z",
      "status": "FM",
      "is_active": false
    }
  },
  {
    "model": "ordersapp.order",
    "pk": 6,
    "fields": {
      "user": 1,
      "created": "2021-08-29T10:06:49.451Z",
      "updated": "2021-08-29T10:06:49.595Z",
      "status": "FM",
      "is_active": false
    }
  },
  {
    "model": "ordersapp.order",
    "pk": 7,
    "fields": {
      "user": 1,
      "created": "2021-09-01T08:22:03.743Z",
      "updated": "2021-09-01T08:22:03.867Z",
      "status": "FM",
      "is_active": false
    }
  },
  {
    "model": "ordersapp.order",
    "pk": 8,
    "fields": {
      "user": 1,
      "created": "2021-09-01T08:27:25.625Z",
      "updated": "2021-09-01T08:27:25.684Z",
      "status": "FM",
      "is_active": false
    }
  },
  {
    "model": "ordersapp.order",
    "pk": 9,
    "fields": {
      "user": 1,
      "created": "2021-09-01T08:30:50.599Z",
      "updated": "2021-09-01T08:30:50.622Z",
      "status": "FM",
      "is_active": true
    }
  },
  {
    "model": "ordersapp.orderitem",
    "pk": 1,
    "fields": {
      "order": 1,
      "product": 4,
      "quantity": 1
    }
  },
  {
    "model": "ordersapp.orderitem",
    "pk": 2,
    "fields": {
      "order": 2,
      "product": 5,
      "quantity": 1
    }
  },
  {
    "model": "ordersapp.orderitem",
    "pk": 3,
    "fields": {
      "order": 2,
      "product": 3,
      "quantity": 1
    }
  },
  {
    "model": "ordersapp.orderitem",
    "pk": 4,
    "fields": {
      "order": 3,
      "product": 4,
      "quantity": 1
    }
  },
  {
    "model": "ordersapp.orderitem",
    "pk": 5,
    "fields": {
      "order": 4,
      "product": 5,
      "quantity": 0
    }
  },
  {
    "model": "ordersapp.orderitem",
    "pk": 6,
    "fields": {
      "order": 6,
      "product": 1,
      "quantity": 0
    }
  },
  {
    "model": "ordersapp.orderitem",
    "pk": 7,
    "fields": {
      "order": 9,
      "product": 3,
      "quantity": 1
    }
  },
  {
    "model": "ordersapp.orderitem",
    "pk": 8,
    "fields": {
      "order": 9,
      "product": 4,
      "quantity": 1
    }
  },
  {
    "model": "social_django.usersocialauth",
    "pk": 2,
    "fields": {
      "user": 24,
      "provider": "vk-oauth2",
      "uid": "40363650",
      "extra_data": "{\"auth_time\": 1629467806, \"id\": 40363650, \"expires\": 86400, \"access_token\": \"41f114d4a88c64eb757a9aec5e490167db33e9a84abea27cc9d9285567b320724c4b3562683226715f185\", \"token_type\": null}",
      "created": "2021-08-20T13:56:28.117Z",
      "modified": "2021-08-20T13:56:46.509Z"
    }
  }
]